name, city, date, dollar, phone
Lester Paul,Gignucsej,11/09/2038,$1958.65,(769) 403-7693
Gussie Munoz,Gignucsej,30/12/2022,$9537.44,(740) 979-2509
Christian Greene,Vigeliv,02/06/1950,$3402.33,(875) 597-6354
Virgie Blair,Vigeliv,23/02/2034,$6783.58,(902) 978-2282
Donald Hernandez,Vigeliv,23/06/1982,$4952.23,(935) 784-8331
Jeremy Potter,Jurkupu,29/07/2016,$5816.25,(679) 738-9843
Clifford Jackson,Jurkupu,09/06/1977,$7661.35,(887) 870-8121
Leona Simmons,Jopiza,22/05/1903,$3370.46,(281) 359-8341
Alta Berry,Falipah,22/07/2048,$2958.36,(748) 761-6536
Nathaniel Soto,Jurkupu,23/06/1956,$7075.25,(556) 268-8872
Edgar Wilkerson,Pomaoc,04/04/2036,$5629.63,(950) 563-3691
Eugenia Tran,Wobalmu,17/03/1920,$6782.40,(438) 796-4033
Noah Bradley,Kimardo,07/07/1979,$3581.79,(489) 864-5589
Ada Potter,Jurkupu,08/12/2041,$417.31,(233) 436-2968
Joshua Benson,Gignucsej,11/05/2029,$5593.63,(840) 528-6807
Barbara Clark,Sovicjo,04/06/2056,$7639.12,(865) 590-7374
Gregory Lane,Nurnuano,10/12/1998,$6217.50,(937) 942-1040
Christine Underwood,Wewovbe,01/01/1941,$1887.54,(944) 554-8472
Keith Gregory,Dahtihud,06/04/2048,$2988.32,(848) 562-8709
Bernard Lindsey,Relemaob,11/09/2064,$3931.82,(375) 327-6647
Bruce Jefferson,Tonekjuk,24/07/2004,$9819.82,(516) 397-5550
Hester Rice,Coezcus,19/01/1998,$2652.76,(902) 740-6647
Ray Tucker,Supijza,31/03/1909,$2312.04,(310) 537-4292
Angel Butler,Idfeudo,29/06/2003,$8802.18,(220) 361-5071
Jeff Hunt,Gignucsej,05/02/1952,$2337.23,(611) 723-3417
Chase Allison,Ogekege,26/03/1953,$8598.40,(427) 790-9716
Isaiah Estrada,Jurkupu,22/09/1997,$3503.99,(621) 939-2059
Oscar Rivera,Vubkawove,09/12/1940,$4536.42,(868) 359-5206
Roxie Francis,Vuczata,03/01/1903,$9947.43,(388) 774-7089
Ethan Sparks,Pafkije,27/04/2027,$3099.81,(574) 309-1586
May Carroll,Gignucsej,13/02/1992,$7953.61,(209) 876-8804
Bobby Burke,Jurkupu,15/08/1994,$2394.71,(512) 617-5975
Julia Willis,Varonbe,01/07/2048,$2661.75,(474) 240-7089
Mathilda Fitzgerald,Ucsadepe,28/05/1929,$212.99,(200) 692-5040
Kenneth Gutierrez,Jurkupu,04/06/1905,$1820.53,(820) 299-8953
Lola Hogan,Nacdefbuz,07/02/1933,$6930.99,(987) 463-4288
Ella Watts,Notzuon,01/09/1900,$6886.05,(707) 649-2480
Brent Townsend,Sapaow,03/03/1963,$4993.49,(466) 780-7293
Hunter Crawford,Huweuhe,05/10/1966,$2371.42,(849) 644-7131
Francisco Cummings,Huweuhe,23/06/1988,$6620.64,(652) 674-9041
Lucy Gregory,Gignucsej,30/07/1958,$7549.29,(982) 832-3520
Philip Daniels,Movdaju,05/06/1967,$7448.96,(282) 545-6754
Isaac Ramos,Kohmiso,08/03/1986,$5692.89,(661) 596-1572
Nancy Hunt,Kejaogo,01/02/2007,$4419.61,(625) 384-7427
Beatrice Wright,Gevuho,15/08/2042,$8560.70,(378) 753-4607
Jorge Cannon,Gevuho,27/02/2061,$6963.54,(779) 454-8016
Leo Hardy,Gevuho,02/09/2041,$8917.47,(972) 602-2008
Myra Schmidt,Gupuvivu,15/05/1973,$2220.75,(523) 785-6363
Katharine Cain,Hitenap,18/06/2009,$7173.82,(809) 289-3861
May Maxwell,Fuunitu,01/08/2062,$2831.65,(256) 762-1576
Maud Ramirez,Gevuho,02/12/1972,$6538.69,(452) 480-1561
Isabel Frank,Ganevido,20/09/2052,$6420.23,(422) 243-5823
Isabelle Reynolds,Getwofret,14/06/1988,$7110.45,(652) 862-7147
Lee Tyler,Toujakap,27/01/2022,$2485.50,(347) 930-4174
Hettie Frank,Jijhamso,10/11/2059,$9411.53,(720) 552-7703
Dora Lloyd,Utisetav,07/09/1975,$4250.78,(941) 822-4398
Katie Brown,Junacdap,01/04/1923,$7595.22,(886) 921-9148
Melvin Carr,Celpidpu,14/11/1946,$6347.60,(557) 635-1185
Peter Schneider,Fuosieso,07/10/2055,$2263.22,(370) 311-5328
Ina Harrison,Gevuho,04/02/2043,$3154.23,(387) 995-3196
Luke McCarthy,Fahkalef,18/02/1975,$364.82,(369) 223-9414
Addie Mathis,Tiedhoz,13/09/2051,$7486.26,(403) 717-5843
Jason Cole,Vejpone,16/12/1966,$6475.56,(668) 603-2771
Willie Zimmerman,Lasoev,28/11/1939,$8389.65,(783) 606-7908
Gabriel Miles,Vivaggos,19/12/2051,$1808.66,(855) 918-7229
Brian Rhodes,Keziptoz,09/07/1972,$884.26,(782) 575-5571
Jeremy Estrada,Falipah,15/02/2034,$9849.33,(976) 258-6138
Gregory Gonzales,Lasoev,24/11/1996,$2202.67,(769) 524-9114
Antonio Frazier,Tozbofza,08/04/1936,$6659.85,(950) 725-9115
Jorge Davis,Falipah,25/04/1913,$5922.81,(285) 873-1169
Dorothy Howell,Uptete,08/07/2012,$4583.92,(883) 341-7932
Joel Coleman,Lasoev,11/11/1958,$6191.12,(237) 590-5335
Claudia Floyd,Vigeliv,25/12/2031,$2068.88,(856) 507-1976
Arthur Wright,Vigeliv,12/01/1931,$9657.42,(207) 277-4588
Johanna Burke,Vigeliv,02/01/1993,$6728.27,(963) 782-1058
Tommy Malone,Jotijug,19/04/1975,$8986.10,(629) 646-1710
Brian Fisher,Butwiwsim,18/09/1938,$7493.03,(454) 217-4242
Francisco Bennett,Sesagiba,12/01/1985,$3562.18,(740) 513-5064
Elnora Schmidt,Vigeliv,29/08/2035,$622.97,(984) 659-1573
Elmer Gray,Ipwecif,15/07/2066,$5442.76,(847) 324-9419
Henrietta Chandler,Decjazbo,25/10/2023,$727.37,(863) 900-3547
Chase Munoz,Huweuhe,08/12/1953,$5297.23,(737) 396-9560
Kate Stevenson,Huweuhe,27/09/1974,$5536.00,(237) 751-1445
Derek Lewis,Foozraf,19/04/1931,$718.40,(902) 985-8597
Florence Murray,Ucuvowe,15/07/1963,$3682.97,(239) 441-6840
Hannah Griffith,Javoce,04/10/2064,$927.35,(772) 810-9747
Della Carr,Evaonbu,18/01/2001,$9010.45,(236) 447-5759
Francis Silva,Lasoev,23/11/1966,$9338.58,(648) 364-3776
Ralph Ellis,Uksukneg,24/08/1957,$6464.60,(825) 655-6935
Gilbert Fisher,Lasoev,27/03/1974,$4625.98,(947) 987-7217
Jackson Perry,Evcapaw,17/10/1944,$3891.96,(970) 874-5328
Kyle Grant,Zaleclos,14/08/2046,$55.34,(644) 362-5732
Ralph Santos,Sazpevno,08/08/2063,$352.55,(824) 235-2455
Jayden Fletcher,Huweuhe,13/06/1905,$1055.76,(803) 383-9155
Lena Garner,Huweuhe,01/08/2032,$5682.99,(486) 462-9969
Derrick Wolfe,Huweuhe,06/07/1975,$8422.86,(508) 272-3832
Maurice Tran,Sazozge,27/04/2031,$2647.50,(700) 770-5730
Willie Sanders,Ohogidibu,06/04/2070,$4121.27,(478) 661-1095
Lucas Mathis,Jiekjuv,07/07/1993,$4791.38,(908) 295-8497
Mable Gibbs,Cerospuf,02/11/1948,$9000.51,(904) 561-8573
